leaf_UID,image_name,image_path
ESWW0070020_1,20230525_172420_ESWW0070020_1,C:\Users\datir\project1\data\processed\ts\ESWW0070020_1\overlay\20230525_172420_ESWW0070020_1.png
ESWW0070020_1,20230527_102010_ESWW0070020_1,C:\Users\datir\project1\data\processed\ts\ESWW0070020_1\overlay\20230527_102010_ESWW0070020_1.png
ESWW0070020_1,20230527_164909_ESWW0070020_1,C:\Users\datir\project1\data\processed\ts\ESWW0070020_1\overlay\20230527_164909_ESWW0070020_1.png
ESWW0070020_1,20230529_122541_ESWW0070020_1,C:\Users\datir\project1\data\processed\ts\ESWW0070020_1\overlay\20230529_122541_ESWW0070020_1.png
ESWW0070020_1,20230530_122548_ESWW0070020_1,C:\Users\datir\project1\data\processed\ts\ESWW0070020_1\overlay\20230530_122548_ESWW0070020_1.png
ESWW0070020_1,20230531_094332_ESWW0070020_1,C:\Users\datir\project1\data\processed\ts\ESWW0070020_1\overlay\20230531_094332_ESWW0070020_1.png
ESWW0070020_1,20230531_164152_ESWW0070020_1,C:\Users\datir\project1\data\processed\ts\ESWW0070020_1\overlay\20230531_164152_ESWW0070020_1.png
ESWW0070020_1,20230601_155601_ESWW0070020_1,C:\Users\datir\project1\data\processed\ts\ESWW0070020_1\overlay\20230601_155601_ESWW0070020_1.png
ESWW0070020_1,20230602_104754_ESWW0070020_1,C:\Users\datir\project1\data\processed\ts\ESWW0070020_1\overlay\20230602_104754_ESWW0070020_1.png
ESWW0070020_1,20230603_105040_ESWW0070020_1,C:\Users\datir\project1\data\processed\ts\ESWW0070020_1\overlay\20230603_105040_ESWW0070020_1.png
ESWW0070020_1,20230604_132542_ESWW0070020_1,C:\Users\datir\project1\data\processed\ts\ESWW0070020_1\overlay\20230604_132542_ESWW0070020_1.png
ESWW0070020_1,20230606_084622_ESWW0070020_1,C:\Users\datir\project1\data\processed\ts\ESWW0070020_1\overlay\20230606_084622_ESWW0070020_1.png
ESWW0070020_1,20230607_162917_ESWW0070020_1,C:\Users\datir\project1\data\processed\ts\ESWW0070020_1\overlay\20230607_162917_ESWW0070020_1.png
ESWW0070020_1,20230608_162957_ESWW0070020_1,C:\Users\datir\project1\data\processed\ts\ESWW0070020_1\overlay\20230608_162957_ESWW0070020_1.png
ESWW0070020_10,20230525_173337_ESWW0070020_10,C:\Users\datir\project1\data\processed\ts\ESWW0070020_10\overlay\20230525_173337_ESWW0070020_10.png
ESWW0070020_10,20230527_102625_ESWW0070020_10,C:\Users\datir\project1\data\processed\ts\ESWW0070020_10\overlay\20230527_102625_ESWW0070020_10.png
ESWW0070020_10,20230527_165508_ESWW0070020_10,C:\Users\datir\project1\data\processed\ts\ESWW0070020_10\overlay\20230527_165508_ESWW0070020_10.png
ESWW0070020_10,20230529_122032_ESWW0070020_10,C:\Users\datir\project1\data\processed\ts\ESWW0070020_10\overlay\20230529_122032_ESWW0070020_10.png
ESWW0070020_10,20230530_122041_ESWW0070020_10,C:\Users\datir\project1\data\processed\ts\ESWW0070020_10\overlay\20230530_122041_ESWW0070020_10.png
ESWW0070020_10,20230531_094702_ESWW0070020_10,C:\Users\datir\project1\data\processed\ts\ESWW0070020_10\overlay\20230531_094702_ESWW0070020_10.png
ESWW0070020_10,20230531_164844_ESWW0070020_10,C:\Users\datir\project1\data\processed\ts\ESWW0070020_10\overlay\20230531_164844_ESWW0070020_10.png
ESWW0070020_10,20230601_160052_ESWW0070020_10,C:\Users\datir\project1\data\processed\ts\ESWW0070020_10\overlay\20230601_160052_ESWW0070020_10.png
ESWW0070020_10,20230602_105227_ESWW0070020_10,C:\Users\datir\project1\data\processed\ts\ESWW0070020_10\overlay\20230602_105227_ESWW0070020_10.png
ESWW0070020_10,20230603_105514_ESWW0070020_10,C:\Users\datir\project1\data\processed\ts\ESWW0070020_10\overlay\20230603_105514_ESWW0070020_10.png
ESWW0070020_10,20230604_132853_ESWW0070020_10,C:\Users\datir\project1\data\processed\ts\ESWW0070020_10\overlay\20230604_132853_ESWW0070020_10.png
ESWW0070020_10,20230606_093811_ESWW0070020_10,C:\Users\datir\project1\data\processed\ts\ESWW0070020_10\overlay\20230606_093811_ESWW0070020_10.png
ESWW0070020_10,20230607_163548_ESWW0070020_10,C:\Users\datir\project1\data\processed\ts\ESWW0070020_10\overlay\20230607_163548_ESWW0070020_10.png
ESWW0070020_10,20230608_163537_ESWW0070020_10,C:\Users\datir\project1\data\processed\ts\ESWW0070020_10\overlay\20230608_163537_ESWW0070020_10.png
ESWW0070020_2,20230525_172617_ESWW0070020_2,C:\Users\datir\project1\data\processed\ts\ESWW0070020_2\overlay\20230525_172617_ESWW0070020_2.png
ESWW0070020_2,20230526_104742_ESWW0070020_2,C:\Users\datir\project1\data\processed\ts\ESWW0070020_2\overlay\20230526_104742_ESWW0070020_2.png
ESWW0070020_2,20230527_102045_ESWW0070020_2,C:\Users\datir\project1\data\processed\ts\ESWW0070020_2\overlay\20230527_102045_ESWW0070020_2.png
ESWW0070020_2,20230527_164953_ESWW0070020_2,C:\Users\datir\project1\data\processed\ts\ESWW0070020_2\overlay\20230527_164953_ESWW0070020_2.png
ESWW0070020_2,20230529_122512_ESWW0070020_2,C:\Users\datir\project1\data\processed\ts\ESWW0070020_2\overlay\20230529_122512_ESWW0070020_2.png
ESWW0070020_2,20230530_122519_ESWW0070020_2,C:\Users\datir\project1\data\processed\ts\ESWW0070020_2\overlay\20230530_122519_ESWW0070020_2.png
ESWW0070020_2,20230531_094403_ESWW0070020_2,C:\Users\datir\project1\data\processed\ts\ESWW0070020_2\overlay\20230531_094403_ESWW0070020_2.png
ESWW0070020_2,20230531_164245_ESWW0070020_2,C:\Users\datir\project1\data\processed\ts\ESWW0070020_2\overlay\20230531_164245_ESWW0070020_2.png
ESWW0070020_2,20230601_155634_ESWW0070020_2,C:\Users\datir\project1\data\processed\ts\ESWW0070020_2\overlay\20230601_155634_ESWW0070020_2.png
ESWW0070020_2,20230602_104835_ESWW0070020_2,C:\Users\datir\project1\data\processed\ts\ESWW0070020_2\overlay\20230602_104835_ESWW0070020_2.png
ESWW0070020_2,20230603_105112_ESWW0070020_2,C:\Users\datir\project1\data\processed\ts\ESWW0070020_2\overlay\20230603_105112_ESWW0070020_2.png
ESWW0070020_2,20230604_132610_ESWW0070020_2,C:\Users\datir\project1\data\processed\ts\ESWW0070020_2\overlay\20230604_132610_ESWW0070020_2.png
ESWW0070020_2,20230606_085020_ESWW0070020_2,C:\Users\datir\project1\data\processed\ts\ESWW0070020_2\overlay\20230606_085020_ESWW0070020_2.png
ESWW0070020_2,20230607_162959_ESWW0070020_2,C:\Users\datir\project1\data\processed\ts\ESWW0070020_2\overlay\20230607_162959_ESWW0070020_2.png
ESWW0070020_2,20230608_163036_ESWW0070020_2,C:\Users\datir\project1\data\processed\ts\ESWW0070020_2\overlay\20230608_163036_ESWW0070020_2.png
ESWW0070020_3,20230526_104711_ESWW0070020_3,C:\Users\datir\project1\data\processed\ts\ESWW0070020_3\overlay\20230526_104711_ESWW0070020_3.png
ESWW0070020_3,20230527_102135_ESWW0070020_3,C:\Users\datir\project1\data\processed\ts\ESWW0070020_3\overlay\20230527_102135_ESWW0070020_3.png
ESWW0070020_3,20230527_165029_ESWW0070020_3,C:\Users\datir\project1\data\processed\ts\ESWW0070020_3\overlay\20230527_165029_ESWW0070020_3.png
ESWW0070020_3,20230529_122428_ESWW0070020_3,C:\Users\datir\project1\data\processed\ts\ESWW0070020_3\overlay\20230529_122428_ESWW0070020_3.png
ESWW0070020_3,20230530_122439_ESWW0070020_3,C:\Users\datir\project1\data\processed\ts\ESWW0070020_3\overlay\20230530_122439_ESWW0070020_3.png
ESWW0070020_3,20230531_094428_ESWW0070020_3,C:\Users\datir\project1\data\processed\ts\ESWW0070020_3\overlay\20230531_094428_ESWW0070020_3.png
ESWW0070020_3,20230531_164402_ESWW0070020_3,C:\Users\datir\project1\data\processed\ts\ESWW0070020_3\overlay\20230531_164402_ESWW0070020_3.png
ESWW0070020_3,20230601_155817_ESWW0070020_3,C:\Users\datir\project1\data\processed\ts\ESWW0070020_3\overlay\20230601_155817_ESWW0070020_3.png
ESWW0070020_3,20230602_104926_ESWW0070020_3,C:\Users\datir\project1\data\processed\ts\ESWW0070020_3\overlay\20230602_104926_ESWW0070020_3.png
ESWW0070020_3,20230603_105211_ESWW0070020_3,C:\Users\datir\project1\data\processed\ts\ESWW0070020_3\overlay\20230603_105211_ESWW0070020_3.png
ESWW0070020_3,20230604_132631_ESWW0070020_3,C:\Users\datir\project1\data\processed\ts\ESWW0070020_3\overlay\20230604_132631_ESWW0070020_3.png
ESWW0070020_3,20230606_090853_ESWW0070020_3,C:\Users\datir\project1\data\processed\ts\ESWW0070020_3\overlay\20230606_090853_ESWW0070020_3.png
ESWW0070020_3,20230607_163050_ESWW0070020_3,C:\Users\datir\project1\data\processed\ts\ESWW0070020_3\overlay\20230607_163050_ESWW0070020_3.png
ESWW0070020_3,20230608_163113_ESWW0070020_3,C:\Users\datir\project1\data\processed\ts\ESWW0070020_3\overlay\20230608_163113_ESWW0070020_3.png
ESWW0070020_4,20230525_172841_ESWW0070020_4,C:\Users\datir\project1\data\processed\ts\ESWW0070020_4\overlay\20230525_172841_ESWW0070020_4.png
ESWW0070020_4,20230526_104428_ESWW0070020_4,C:\Users\datir\project1\data\processed\ts\ESWW0070020_4\overlay\20230526_104428_ESWW0070020_4.png
ESWW0070020_4,20230527_102226_ESWW0070020_4,C:\Users\datir\project1\data\processed\ts\ESWW0070020_4\overlay\20230527_102226_ESWW0070020_4.png
ESWW0070020_4,20230527_165103_ESWW0070020_4,C:\Users\datir\project1\data\processed\ts\ESWW0070020_4\overlay\20230527_165103_ESWW0070020_4.png
ESWW0070020_4,20230529_122349_ESWW0070020_4,C:\Users\datir\project1\data\processed\ts\ESWW0070020_4\overlay\20230529_122349_ESWW0070020_4.png
ESWW0070020_4,20230530_122353_ESWW0070020_4,C:\Users\datir\project1\data\processed\ts\ESWW0070020_4\overlay\20230530_122353_ESWW0070020_4.png
ESWW0070020_4,20230531_094455_ESWW0070020_4,C:\Users\datir\project1\data\processed\ts\ESWW0070020_4\overlay\20230531_094455_ESWW0070020_4.png
ESWW0070020_4,20230531_164451_ESWW0070020_4,C:\Users\datir\project1\data\processed\ts\ESWW0070020_4\overlay\20230531_164451_ESWW0070020_4.png
ESWW0070020_4,20230601_155855_ESWW0070020_4,C:\Users\datir\project1\data\processed\ts\ESWW0070020_4\overlay\20230601_155855_ESWW0070020_4.png
ESWW0070020_4,20230602_105001_ESWW0070020_4,C:\Users\datir\project1\data\processed\ts\ESWW0070020_4\overlay\20230602_105001_ESWW0070020_4.png
ESWW0070020_4,20230603_105247_ESWW0070020_4,C:\Users\datir\project1\data\processed\ts\ESWW0070020_4\overlay\20230603_105247_ESWW0070020_4.png
ESWW0070020_4,20230604_132655_ESWW0070020_4,C:\Users\datir\project1\data\processed\ts\ESWW0070020_4\overlay\20230604_132655_ESWW0070020_4.png
ESWW0070020_4,20230606_091143_ESWW0070020_4,C:\Users\datir\project1\data\processed\ts\ESWW0070020_4\overlay\20230606_091143_ESWW0070020_4.png
ESWW0070020_4,20230607_163152_ESWW0070020_4,C:\Users\datir\project1\data\processed\ts\ESWW0070020_4\overlay\20230607_163152_ESWW0070020_4.png
ESWW0070020_4,20230608_163210_ESWW0070020_4,C:\Users\datir\project1\data\processed\ts\ESWW0070020_4\overlay\20230608_163210_ESWW0070020_4.png
ESWW0070020_5,20230525_172943_ESWW0070020_5,C:\Users\datir\project1\data\processed\ts\ESWW0070020_5\overlay\20230525_172943_ESWW0070020_5.png
ESWW0070020_5,20230527_102313_ESWW0070020_5,C:\Users\datir\project1\data\processed\ts\ESWW0070020_5\overlay\20230527_102313_ESWW0070020_5.png
ESWW0070020_5,20230527_165132_ESWW0070020_5,C:\Users\datir\project1\data\processed\ts\ESWW0070020_5\overlay\20230527_165132_ESWW0070020_5.png
ESWW0070020_5,20230529_122305_ESWW0070020_5,C:\Users\datir\project1\data\processed\ts\ESWW0070020_5\overlay\20230529_122305_ESWW0070020_5.png
ESWW0070020_5,20230530_122315_ESWW0070020_5,C:\Users\datir\project1\data\processed\ts\ESWW0070020_5\overlay\20230530_122315_ESWW0070020_5.png
ESWW0070020_5,20230531_094512_ESWW0070020_5,C:\Users\datir\project1\data\processed\ts\ESWW0070020_5\overlay\20230531_094512_ESWW0070020_5.png
ESWW0070020_5,20230531_164533_ESWW0070020_5,C:\Users\datir\project1\data\processed\ts\ESWW0070020_5\overlay\20230531_164533_ESWW0070020_5.png
ESWW0070020_5,20230601_155913_ESWW0070020_5,C:\Users\datir\project1\data\processed\ts\ESWW0070020_5\overlay\20230601_155913_ESWW0070020_5.png
ESWW0070020_5,20230602_105021_ESWW0070020_5,C:\Users\datir\project1\data\processed\ts\ESWW0070020_5\overlay\20230602_105021_ESWW0070020_5.png
ESWW0070020_5,20230603_105312_ESWW0070020_5,C:\Users\datir\project1\data\processed\ts\ESWW0070020_5\overlay\20230603_105312_ESWW0070020_5.png
ESWW0070020_5,20230604_132719_ESWW0070020_5,C:\Users\datir\project1\data\processed\ts\ESWW0070020_5\overlay\20230604_132719_ESWW0070020_5.png
ESWW0070020_5,20230606_091753_ESWW0070020_5,C:\Users\datir\project1\data\processed\ts\ESWW0070020_5\overlay\20230606_091753_ESWW0070020_5.png
ESWW0070020_5,20230607_163240_ESWW0070020_5,C:\Users\datir\project1\data\processed\ts\ESWW0070020_5\overlay\20230607_163240_ESWW0070020_5.png
ESWW0070020_5,20230608_163247_ESWW0070020_5,C:\Users\datir\project1\data\processed\ts\ESWW0070020_5\overlay\20230608_163247_ESWW0070020_5.png
ESWW0070020_6,20230525_173028_ESWW0070020_6,C:\Users\datir\project1\data\processed\ts\ESWW0070020_6\overlay\20230525_173028_ESWW0070020_6.png
ESWW0070020_6,20230526_101402_ESWW0070020_6,C:\Users\datir\project1\data\processed\ts\ESWW0070020_6\overlay\20230526_101402_ESWW0070020_6.png
ESWW0070020_6,20230527_102357_ESWW0070020_6,C:\Users\datir\project1\data\processed\ts\ESWW0070020_6\overlay\20230527_102357_ESWW0070020_6.png
ESWW0070020_6,20230527_165210_ESWW0070020_6,C:\Users\datir\project1\data\processed\ts\ESWW0070020_6\overlay\20230527_165210_ESWW0070020_6.png
ESWW0070020_6,20230529_122237_ESWW0070020_6,C:\Users\datir\project1\data\processed\ts\ESWW0070020_6\overlay\20230529_122237_ESWW0070020_6.png
ESWW0070020_6,20230530_122244_ESWW0070020_6,C:\Users\datir\project1\data\processed\ts\ESWW0070020_6\overlay\20230530_122244_ESWW0070020_6.png
ESWW0070020_6,20230531_094540_ESWW0070020_6,C:\Users\datir\project1\data\processed\ts\ESWW0070020_6\overlay\20230531_094540_ESWW0070020_6.png
ESWW0070020_6,20230531_164618_ESWW0070020_6,C:\Users\datir\project1\data\processed\ts\ESWW0070020_6\overlay\20230531_164618_ESWW0070020_6.png
ESWW0070020_6,20230601_155934_ESWW0070020_6,C:\Users\datir\project1\data\processed\ts\ESWW0070020_6\overlay\20230601_155934_ESWW0070020_6.png
ESWW0070020_6,20230602_105047_ESWW0070020_6,C:\Users\datir\project1\data\processed\ts\ESWW0070020_6\overlay\20230602_105047_ESWW0070020_6.png
ESWW0070020_6,20230603_105332_ESWW0070020_6,C:\Users\datir\project1\data\processed\ts\ESWW0070020_6\overlay\20230603_105332_ESWW0070020_6.png
ESWW0070020_6,20230604_132737_ESWW0070020_6,C:\Users\datir\project1\data\processed\ts\ESWW0070020_6\overlay\20230604_132737_ESWW0070020_6.png
ESWW0070020_6,20230606_092242_ESWW0070020_6,C:\Users\datir\project1\data\processed\ts\ESWW0070020_6\overlay\20230606_092242_ESWW0070020_6.png
ESWW0070020_6,20230607_163322_ESWW0070020_6,C:\Users\datir\project1\data\processed\ts\ESWW0070020_6\overlay\20230607_163322_ESWW0070020_6.png
ESWW0070020_6,20230608_163326_ESWW0070020_6,C:\Users\datir\project1\data\processed\ts\ESWW0070020_6\overlay\20230608_163326_ESWW0070020_6.png
ESWW0070020_7,20230525_173056_ESWW0070020_7,C:\Users\datir\project1\data\processed\ts\ESWW0070020_7\overlay\20230525_173056_ESWW0070020_7.png
ESWW0070020_7,20230527_102434_ESWW0070020_7,C:\Users\datir\project1\data\processed\ts\ESWW0070020_7\overlay\20230527_102434_ESWW0070020_7.png
ESWW0070020_7,20230527_165250_ESWW0070020_7,C:\Users\datir\project1\data\processed\ts\ESWW0070020_7\overlay\20230527_165250_ESWW0070020_7.png
ESWW0070020_7,20230529_122211_ESWW0070020_7,C:\Users\datir\project1\data\processed\ts\ESWW0070020_7\overlay\20230529_122211_ESWW0070020_7.png
ESWW0070020_7,20230530_122214_ESWW0070020_7,C:\Users\datir\project1\data\processed\ts\ESWW0070020_7\overlay\20230530_122214_ESWW0070020_7.png
ESWW0070020_7,20230531_094604_ESWW0070020_7,C:\Users\datir\project1\data\processed\ts\ESWW0070020_7\overlay\20230531_094604_ESWW0070020_7.png
ESWW0070020_7,20230531_164735_ESWW0070020_7,C:\Users\datir\project1\data\processed\ts\ESWW0070020_7\overlay\20230531_164735_ESWW0070020_7.png
ESWW0070020_7,20230601_155955_ESWW0070020_7,C:\Users\datir\project1\data\processed\ts\ESWW0070020_7\overlay\20230601_155955_ESWW0070020_7.png
ESWW0070020_7,20230602_105117_ESWW0070020_7,C:\Users\datir\project1\data\processed\ts\ESWW0070020_7\overlay\20230602_105117_ESWW0070020_7.png
ESWW0070020_7,20230603_105356_ESWW0070020_7,C:\Users\datir\project1\data\processed\ts\ESWW0070020_7\overlay\20230603_105356_ESWW0070020_7.png
ESWW0070020_7,20230604_132758_ESWW0070020_7,C:\Users\datir\project1\data\processed\ts\ESWW0070020_7\overlay\20230604_132758_ESWW0070020_7.png
ESWW0070020_7,20230606_092530_ESWW0070020_7,C:\Users\datir\project1\data\processed\ts\ESWW0070020_7\overlay\20230606_092530_ESWW0070020_7.png
ESWW0070020_7,20230607_163355_ESWW0070020_7,C:\Users\datir\project1\data\processed\ts\ESWW0070020_7\overlay\20230607_163355_ESWW0070020_7.png
ESWW0070020_7,20230608_163359_ESWW0070020_7,C:\Users\datir\project1\data\processed\ts\ESWW0070020_7\overlay\20230608_163359_ESWW0070020_7.png
ESWW0070020_8,20230525_173145_ESWW0070020_8,C:\Users\datir\project1\data\processed\ts\ESWW0070020_8\overlay\20230525_173145_ESWW0070020_8.png
ESWW0070020_8,20230527_102512_ESWW0070020_8,C:\Users\datir\project1\data\processed\ts\ESWW0070020_8\overlay\20230527_102512_ESWW0070020_8.png
ESWW0070020_8,20230527_165408_ESWW0070020_8,C:\Users\datir\project1\data\processed\ts\ESWW0070020_8\overlay\20230527_165408_ESWW0070020_8.png
ESWW0070020_8,20230529_122143_ESWW0070020_8,C:\Users\datir\project1\data\processed\ts\ESWW0070020_8\overlay\20230529_122143_ESWW0070020_8.png
ESWW0070020_8,20230530_122151_ESWW0070020_8,C:\Users\datir\project1\data\processed\ts\ESWW0070020_8\overlay\20230530_122151_ESWW0070020_8.png
ESWW0070020_8,20230531_094624_ESWW0070020_8,C:\Users\datir\project1\data\processed\ts\ESWW0070020_8\overlay\20230531_094624_ESWW0070020_8.png
ESWW0070020_8,20230531_164800_ESWW0070020_8,C:\Users\datir\project1\data\processed\ts\ESWW0070020_8\overlay\20230531_164800_ESWW0070020_8.png
ESWW0070020_8,20230601_160015_ESWW0070020_8,C:\Users\datir\project1\data\processed\ts\ESWW0070020_8\overlay\20230601_160015_ESWW0070020_8.png
ESWW0070020_8,20230602_105141_ESWW0070020_8,C:\Users\datir\project1\data\processed\ts\ESWW0070020_8\overlay\20230602_105141_ESWW0070020_8.png
ESWW0070020_8,20230603_105431_ESWW0070020_8,C:\Users\datir\project1\data\processed\ts\ESWW0070020_8\overlay\20230603_105431_ESWW0070020_8.png
ESWW0070020_8,20230604_132817_ESWW0070020_8,C:\Users\datir\project1\data\processed\ts\ESWW0070020_8\overlay\20230604_132817_ESWW0070020_8.png
ESWW0070020_8,20230606_092947_ESWW0070020_8,C:\Users\datir\project1\data\processed\ts\ESWW0070020_8\overlay\20230606_092947_ESWW0070020_8.png
ESWW0070020_8,20230607_163437_ESWW0070020_8,C:\Users\datir\project1\data\processed\ts\ESWW0070020_8\overlay\20230607_163437_ESWW0070020_8.png
ESWW0070020_8,20230608_163424_ESWW0070020_8,C:\Users\datir\project1\data\processed\ts\ESWW0070020_8\overlay\20230608_163424_ESWW0070020_8.png
ESWW0070020_9,20230525_173237_ESWW0070020_9,C:\Users\datir\project1\data\processed\ts\ESWW0070020_9\overlay\20230525_173237_ESWW0070020_9.png
ESWW0070020_9,20230527_102555_ESWW0070020_9,C:\Users\datir\project1\data\processed\ts\ESWW0070020_9\overlay\20230527_102555_ESWW0070020_9.png
ESWW0070020_9,20230527_165442_ESWW0070020_9,C:\Users\datir\project1\data\processed\ts\ESWW0070020_9\overlay\20230527_165442_ESWW0070020_9.png
ESWW0070020_9,20230529_122111_ESWW0070020_9,C:\Users\datir\project1\data\processed\ts\ESWW0070020_9\overlay\20230529_122111_ESWW0070020_9.png
ESWW0070020_9,20230530_122124_ESWW0070020_9,C:\Users\datir\project1\data\processed\ts\ESWW0070020_9\overlay\20230530_122124_ESWW0070020_9.png
ESWW0070020_9,20230531_164826_ESWW0070020_9,C:\Users\datir\project1\data\processed\ts\ESWW0070020_9\overlay\20230531_164826_ESWW0070020_9.png
ESWW0070020_9,20230601_160035_ESWW0070020_9,C:\Users\datir\project1\data\processed\ts\ESWW0070020_9\overlay\20230601_160035_ESWW0070020_9.png
ESWW0070020_9,20230602_105207_ESWW0070020_9,C:\Users\datir\project1\data\processed\ts\ESWW0070020_9\overlay\20230602_105207_ESWW0070020_9.png
ESWW0070020_9,20230603_105455_ESWW0070020_9,C:\Users\datir\project1\data\processed\ts\ESWW0070020_9\overlay\20230603_105455_ESWW0070020_9.png
ESWW0070020_9,20230604_132834_ESWW0070020_9,C:\Users\datir\project1\data\processed\ts\ESWW0070020_9\overlay\20230604_132834_ESWW0070020_9.png
ESWW0070020_9,20230606_093508_ESWW0070020_9,C:\Users\datir\project1\data\processed\ts\ESWW0070020_9\overlay\20230606_093508_ESWW0070020_9.png
ESWW0070020_9,20230608_163505_ESWW0070020_9,C:\Users\datir\project1\data\processed\ts\ESWW0070020_9\overlay\20230608_163505_ESWW0070020_9.png
ESWW0070023_1,20230525_173944_ESWW0070023_1,C:\Users\datir\project1\data\processed\ts\ESWW0070023_1\overlay\20230525_173944_ESWW0070023_1.png
ESWW0070023_1,20230526_125818_ESWW0070023_1,C:\Users\datir\project1\data\processed\ts\ESWW0070023_1\overlay\20230526_125818_ESWW0070023_1.png
ESWW0070023_1,20230527_103422_ESWW0070023_1,C:\Users\datir\project1\data\processed\ts\ESWW0070023_1\overlay\20230527_103422_ESWW0070023_1.png
ESWW0070023_1,20230527_165759_ESWW0070023_1,C:\Users\datir\project1\data\processed\ts\ESWW0070023_1\overlay\20230527_165759_ESWW0070023_1.png
ESWW0070023_1,20230529_122751_ESWW0070023_1,C:\Users\datir\project1\data\processed\ts\ESWW0070023_1\overlay\20230529_122751_ESWW0070023_1.png
ESWW0070023_1,20230530_122833_ESWW0070023_1,C:\Users\datir\project1\data\processed\ts\ESWW0070023_1\overlay\20230530_122833_ESWW0070023_1.png
ESWW0070023_1,20230531_094752_ESWW0070023_1,C:\Users\datir\project1\data\processed\ts\ESWW0070023_1\overlay\20230531_094752_ESWW0070023_1.png
ESWW0070023_1,20230531_164942_ESWW0070023_1,C:\Users\datir\project1\data\processed\ts\ESWW0070023_1\overlay\20230531_164942_ESWW0070023_1.png
ESWW0070023_1,20230601_160140_ESWW0070023_1,C:\Users\datir\project1\data\processed\ts\ESWW0070023_1\overlay\20230601_160140_ESWW0070023_1.png
ESWW0070023_1,20230602_105313_ESWW0070023_1,C:\Users\datir\project1\data\processed\ts\ESWW0070023_1\overlay\20230602_105313_ESWW0070023_1.png
ESWW0070023_1,20230603_105653_ESWW0070023_1,C:\Users\datir\project1\data\processed\ts\ESWW0070023_1\overlay\20230603_105653_ESWW0070023_1.png
ESWW0070023_1,20230604_132929_ESWW0070023_1,C:\Users\datir\project1\data\processed\ts\ESWW0070023_1\overlay\20230604_132929_ESWW0070023_1.png
ESWW0070023_1,20230606_094325_ESWW0070023_1,C:\Users\datir\project1\data\processed\ts\ESWW0070023_1\overlay\20230606_094325_ESWW0070023_1.png
ESWW0070023_1,20230606_122210_ESWW0070023_1,C:\Users\datir\project1\data\processed\ts\ESWW0070023_1\overlay\20230606_122210_ESWW0070023_1.png
ESWW0070023_1,20230607_161942_ESWW0070023_1,C:\Users\datir\project1\data\processed\ts\ESWW0070023_1\overlay\20230607_161942_ESWW0070023_1.png
ESWW0070023_1,20230608_111439_ESWW0070023_1,C:\Users\datir\project1\data\processed\ts\ESWW0070023_1\overlay\20230608_111439_ESWW0070023_1.png
ESWW0070023_10,20230525_174111_ESWW0070023_10,C:\Users\datir\project1\data\processed\ts\ESWW0070023_10\overlay\20230525_174111_ESWW0070023_10.png
ESWW0070023_10,20230526_130007_ESWW0070023_10,C:\Users\datir\project1\data\processed\ts\ESWW0070023_10\overlay\20230526_130007_ESWW0070023_10.png
ESWW0070023_10,20230527_103934_ESWW0070023_10,C:\Users\datir\project1\data\processed\ts\ESWW0070023_10\overlay\20230527_103934_ESWW0070023_10.png
ESWW0070023_10,20230527_170307_ESWW0070023_10,C:\Users\datir\project1\data\processed\ts\ESWW0070023_10\overlay\20230527_170307_ESWW0070023_10.png
ESWW0070023_10,20230529_123400_ESWW0070023_10,C:\Users\datir\project1\data\processed\ts\ESWW0070023_10\overlay\20230529_123400_ESWW0070023_10.png
ESWW0070023_10,20230530_123323_ESWW0070023_10,C:\Users\datir\project1\data\processed\ts\ESWW0070023_10\overlay\20230530_123323_ESWW0070023_10.png
ESWW0070023_10,20230531_095251_ESWW0070023_10,C:\Users\datir\project1\data\processed\ts\ESWW0070023_10\overlay\20230531_095251_ESWW0070023_10.png
ESWW0070023_2,20230525_173825_ESWW0070023_2,C:\Users\datir\project1\data\processed\ts\ESWW0070023_2\overlay\20230525_173825_ESWW0070023_2.png
ESWW0070023_2,20230527_103531_ESWW0070023_2,C:\Users\datir\project1\data\processed\ts\ESWW0070023_2\overlay\20230527_103531_ESWW0070023_2.png
ESWW0070023_2,20230527_165834_ESWW0070023_2,C:\Users\datir\project1\data\processed\ts\ESWW0070023_2\overlay\20230527_165834_ESWW0070023_2.png
ESWW0070023_2,20230529_122844_ESWW0070023_2,C:\Users\datir\project1\data\processed\ts\ESWW0070023_2\overlay\20230529_122844_ESWW0070023_2.png
ESWW0070023_2,20230530_122904_ESWW0070023_2,C:\Users\datir\project1\data\processed\ts\ESWW0070023_2\overlay\20230530_122904_ESWW0070023_2.png
ESWW0070023_2,20230531_094825_ESWW0070023_2,C:\Users\datir\project1\data\processed\ts\ESWW0070023_2\overlay\20230531_094825_ESWW0070023_2.png
ESWW0070023_2,20230531_165016_ESWW0070023_2,C:\Users\datir\project1\data\processed\ts\ESWW0070023_2\overlay\20230531_165016_ESWW0070023_2.png
ESWW0070023_2,20230601_160203_ESWW0070023_2,C:\Users\datir\project1\data\processed\ts\ESWW0070023_2\overlay\20230601_160203_ESWW0070023_2.png
ESWW0070023_2,20230602_105340_ESWW0070023_2,C:\Users\datir\project1\data\processed\ts\ESWW0070023_2\overlay\20230602_105340_ESWW0070023_2.png
ESWW0070023_2,20230603_105811_ESWW0070023_2,C:\Users\datir\project1\data\processed\ts\ESWW0070023_2\overlay\20230603_105811_ESWW0070023_2.png
ESWW0070023_2,20230604_132951_ESWW0070023_2,C:\Users\datir\project1\data\processed\ts\ESWW0070023_2\overlay\20230604_132951_ESWW0070023_2.png
ESWW0070023_2,20230606_094354_ESWW0070023_2,C:\Users\datir\project1\data\processed\ts\ESWW0070023_2\overlay\20230606_094354_ESWW0070023_2.png
ESWW0070023_2,20230606_122325_ESWW0070023_2,C:\Users\datir\project1\data\processed\ts\ESWW0070023_2\overlay\20230606_122325_ESWW0070023_2.png
ESWW0070023_2,20230607_162034_ESWW0070023_2,C:\Users\datir\project1\data\processed\ts\ESWW0070023_2\overlay\20230607_162034_ESWW0070023_2.png
ESWW0070023_2,20230608_111519_ESWW0070023_2,C:\Users\datir\project1\data\processed\ts\ESWW0070023_2\overlay\20230608_111519_ESWW0070023_2.png
ESWW0070023_3,20230525_173651_ESWW0070023_3,C:\Users\datir\project1\data\processed\ts\ESWW0070023_3\overlay\20230525_173651_ESWW0070023_3.png
ESWW0070023_3,20230527_103012_ESWW0070023_3,C:\Users\datir\project1\data\processed\ts\ESWW0070023_3\overlay\20230527_103012_ESWW0070023_3.png
ESWW0070023_3,20230527_165908_ESWW0070023_3,C:\Users\datir\project1\data\processed\ts\ESWW0070023_3\overlay\20230527_165908_ESWW0070023_3.png
ESWW0070023_3,20230529_122915_ESWW0070023_3,C:\Users\datir\project1\data\processed\ts\ESWW0070023_3\overlay\20230529_122915_ESWW0070023_3.png
ESWW0070023_3,20230530_122950_ESWW0070023_3,C:\Users\datir\project1\data\processed\ts\ESWW0070023_3\overlay\20230530_122950_ESWW0070023_3.png
ESWW0070023_3,20230531_094850_ESWW0070023_3,C:\Users\datir\project1\data\processed\ts\ESWW0070023_3\overlay\20230531_094850_ESWW0070023_3.png
ESWW0070023_3,20230531_165043_ESWW0070023_3,C:\Users\datir\project1\data\processed\ts\ESWW0070023_3\overlay\20230531_165043_ESWW0070023_3.png
ESWW0070023_3,20230601_160229_ESWW0070023_3,C:\Users\datir\project1\data\processed\ts\ESWW0070023_3\overlay\20230601_160229_ESWW0070023_3.png
ESWW0070023_3,20230602_105426_ESWW0070023_3,C:\Users\datir\project1\data\processed\ts\ESWW0070023_3\overlay\20230602_105426_ESWW0070023_3.png
ESWW0070023_3,20230603_105838_ESWW0070023_3,C:\Users\datir\project1\data\processed\ts\ESWW0070023_3\overlay\20230603_105838_ESWW0070023_3.png
ESWW0070023_3,20230604_133031_ESWW0070023_3,C:\Users\datir\project1\data\processed\ts\ESWW0070023_3\overlay\20230604_133031_ESWW0070023_3.png
ESWW0070023_3,20230606_094629_ESWW0070023_3,C:\Users\datir\project1\data\processed\ts\ESWW0070023_3\overlay\20230606_094629_ESWW0070023_3.png
ESWW0070023_3,20230606_122440_ESWW0070023_3,C:\Users\datir\project1\data\processed\ts\ESWW0070023_3\overlay\20230606_122440_ESWW0070023_3.png
ESWW0070023_3,20230607_162125_ESWW0070023_3,C:\Users\datir\project1\data\processed\ts\ESWW0070023_3\overlay\20230607_162125_ESWW0070023_3.png
ESWW0070023_3,20230608_111603_ESWW0070023_3,C:\Users\datir\project1\data\processed\ts\ESWW0070023_3\overlay\20230608_111603_ESWW0070023_3.png
ESWW0070023_4,20230525_173610_ESWW0070023_4,C:\Users\datir\project1\data\processed\ts\ESWW0070023_4\overlay\20230525_173610_ESWW0070023_4.png
ESWW0070023_4,20230526_105114_ESWW0070023_4,C:\Users\datir\project1\data\processed\ts\ESWW0070023_4\overlay\20230526_105114_ESWW0070023_4.png
ESWW0070023_4,20230527_103150_ESWW0070023_4,C:\Users\datir\project1\data\processed\ts\ESWW0070023_4\overlay\20230527_103150_ESWW0070023_4.png
ESWW0070023_4,20230527_165932_ESWW0070023_4,C:\Users\datir\project1\data\processed\ts\ESWW0070023_4\overlay\20230527_165932_ESWW0070023_4.png
ESWW0070023_4,20230529_122959_ESWW0070023_4,C:\Users\datir\project1\data\processed\ts\ESWW0070023_4\overlay\20230529_122959_ESWW0070023_4.png
ESWW0070023_4,20230530_123026_ESWW0070023_4,C:\Users\datir\project1\data\processed\ts\ESWW0070023_4\overlay\20230530_123026_ESWW0070023_4.png
ESWW0070023_4,20230531_094920_ESWW0070023_4,C:\Users\datir\project1\data\processed\ts\ESWW0070023_4\overlay\20230531_094920_ESWW0070023_4.png
ESWW0070023_4,20230531_165108_ESWW0070023_4,C:\Users\datir\project1\data\processed\ts\ESWW0070023_4\overlay\20230531_165108_ESWW0070023_4.png
ESWW0070023_4,20230531_165114_ESWW0070023_4,C:\Users\datir\project1\data\processed\ts\ESWW0070023_4\overlay\20230531_165114_ESWW0070023_4.png
ESWW0070023_4,20230601_160249_ESWW0070023_4,C:\Users\datir\project1\data\processed\ts\ESWW0070023_4\overlay\20230601_160249_ESWW0070023_4.png
ESWW0070023_4,20230602_105448_ESWW0070023_4,C:\Users\datir\project1\data\processed\ts\ESWW0070023_4\overlay\20230602_105448_ESWW0070023_4.png
ESWW0070023_4,20230604_133101_ESWW0070023_4,C:\Users\datir\project1\data\processed\ts\ESWW0070023_4\overlay\20230604_133101_ESWW0070023_4.png
ESWW0070023_4,20230606_094756_ESWW0070023_4,C:\Users\datir\project1\data\processed\ts\ESWW0070023_4\overlay\20230606_094756_ESWW0070023_4.png
ESWW0070023_4,20230606_122545_ESWW0070023_4,C:\Users\datir\project1\data\processed\ts\ESWW0070023_4\overlay\20230606_122545_ESWW0070023_4.png
ESWW0070023_4,20230607_162214_ESWW0070023_4,C:\Users\datir\project1\data\processed\ts\ESWW0070023_4\overlay\20230607_162214_ESWW0070023_4.png
ESWW0070023_4,20230608_111655_ESWW0070023_4,C:\Users\datir\project1\data\processed\ts\ESWW0070023_4\overlay\20230608_111655_ESWW0070023_4.png
ESWW0070023_5,20230525_173906_ESWW0070023_5,C:\Users\datir\project1\data\processed\ts\ESWW0070023_5\overlay\20230525_173906_ESWW0070023_5.png
ESWW0070023_5,20230526_125715_ESWW0070023_5,C:\Users\datir\project1\data\processed\ts\ESWW0070023_5\overlay\20230526_125715_ESWW0070023_5.png
ESWW0070023_5,20230527_103628_ESWW0070023_5,C:\Users\datir\project1\data\processed\ts\ESWW0070023_5\overlay\20230527_103628_ESWW0070023_5.png
ESWW0070023_5,20230527_170007_ESWW0070023_5,C:\Users\datir\project1\data\processed\ts\ESWW0070023_5\overlay\20230527_170007_ESWW0070023_5.png
ESWW0070023_5,20230529_123033_ESWW0070023_5,C:\Users\datir\project1\data\processed\ts\ESWW0070023_5\overlay\20230529_123033_ESWW0070023_5.png
ESWW0070023_5,20230530_123055_ESWW0070023_5,C:\Users\datir\project1\data\processed\ts\ESWW0070023_5\overlay\20230530_123055_ESWW0070023_5.png
ESWW0070023_5,20230531_095004_ESWW0070023_5,C:\Users\datir\project1\data\processed\ts\ESWW0070023_5\overlay\20230531_095004_ESWW0070023_5.png
ESWW0070023_5,20230531_165139_ESWW0070023_5,C:\Users\datir\project1\data\processed\ts\ESWW0070023_5\overlay\20230531_165139_ESWW0070023_5.png
ESWW0070023_5,20230601_160306_ESWW0070023_5,C:\Users\datir\project1\data\processed\ts\ESWW0070023_5\overlay\20230601_160306_ESWW0070023_5.png
ESWW0070023_5,20230602_105518_ESWW0070023_5,C:\Users\datir\project1\data\processed\ts\ESWW0070023_5\overlay\20230602_105518_ESWW0070023_5.png
ESWW0070023_5,20230603_105902_ESWW0070023_5,C:\Users\datir\project1\data\processed\ts\ESWW0070023_5\overlay\20230603_105902_ESWW0070023_5.png
ESWW0070023_5,20230604_133122_ESWW0070023_5,C:\Users\datir\project1\data\processed\ts\ESWW0070023_5\overlay\20230604_133122_ESWW0070023_5.png
ESWW0070023_5,20230606_094930_ESWW0070023_5,C:\Users\datir\project1\data\processed\ts\ESWW0070023_5\overlay\20230606_094930_ESWW0070023_5.png
ESWW0070023_5,20230606_122934_ESWW0070023_5,C:\Users\datir\project1\data\processed\ts\ESWW0070023_5\overlay\20230606_122934_ESWW0070023_5.png
ESWW0070023_5,20230607_162310_ESWW0070023_5,C:\Users\datir\project1\data\processed\ts\ESWW0070023_5\overlay\20230607_162310_ESWW0070023_5.png
ESWW0070023_5,20230608_111732_ESWW0070023_5,C:\Users\datir\project1\data\processed\ts\ESWW0070023_5\overlay\20230608_111732_ESWW0070023_5.png
ESWW0070023_6,20230525_173740_ESWW0070023_6,C:\Users\datir\project1\data\processed\ts\ESWW0070023_6\overlay\20230525_173740_ESWW0070023_6.png
ESWW0070023_6,20230527_103708_ESWW0070023_6,C:\Users\datir\project1\data\processed\ts\ESWW0070023_6\overlay\20230527_103708_ESWW0070023_6.png
ESWW0070023_6,20230527_170117_ESWW0070023_6,C:\Users\datir\project1\data\processed\ts\ESWW0070023_6\overlay\20230527_170117_ESWW0070023_6.png
ESWW0070023_6,20230529_123117_ESWW0070023_6,C:\Users\datir\project1\data\processed\ts\ESWW0070023_6\overlay\20230529_123117_ESWW0070023_6.png
ESWW0070023_6,20230531_095035_ESWW0070023_6,C:\Users\datir\project1\data\processed\ts\ESWW0070023_6\overlay\20230531_095035_ESWW0070023_6.png
ESWW0070023_6,20230531_165225_ESWW0070023_6,C:\Users\datir\project1\data\processed\ts\ESWW0070023_6\overlay\20230531_165225_ESWW0070023_6.png
ESWW0070023_6,20230601_160331_ESWW0070023_6,C:\Users\datir\project1\data\processed\ts\ESWW0070023_6\overlay\20230601_160331_ESWW0070023_6.png
ESWW0070023_6,20230602_105543_ESWW0070023_6,C:\Users\datir\project1\data\processed\ts\ESWW0070023_6\overlay\20230602_105543_ESWW0070023_6.png
ESWW0070023_6,20230603_105927_ESWW0070023_6,C:\Users\datir\project1\data\processed\ts\ESWW0070023_6\overlay\20230603_105927_ESWW0070023_6.png
ESWW0070023_6,20230604_133143_ESWW0070023_6,C:\Users\datir\project1\data\processed\ts\ESWW0070023_6\overlay\20230604_133143_ESWW0070023_6.png
ESWW0070023_6,20230606_095135_ESWW0070023_6,C:\Users\datir\project1\data\processed\ts\ESWW0070023_6\overlay\20230606_095135_ESWW0070023_6.png
ESWW0070023_6,20230606_122818_ESWW0070023_6,C:\Users\datir\project1\data\processed\ts\ESWW0070023_6\overlay\20230606_122818_ESWW0070023_6.png
ESWW0070023_6,20230607_162518_ESWW0070023_6,C:\Users\datir\project1\data\processed\ts\ESWW0070023_6\overlay\20230607_162518_ESWW0070023_6.png
ESWW0070023_6,20230608_111807_ESWW0070023_6,C:\Users\datir\project1\data\processed\ts\ESWW0070023_6\overlay\20230608_111807_ESWW0070023_6.png
ESWW0070023_7,20230525_173526_ESWW0070023_7,C:\Users\datir\project1\data\processed\ts\ESWW0070023_7\overlay\20230525_173526_ESWW0070023_7.png
ESWW0070023_7,20230526_104955_ESWW0070023_7,C:\Users\datir\project1\data\processed\ts\ESWW0070023_7\overlay\20230526_104955_ESWW0070023_7.png
ESWW0070023_7,20230526_112450_ESWW0070023_7,C:\Users\datir\project1\data\processed\ts\ESWW0070023_7\overlay\20230526_112450_ESWW0070023_7.png
ESWW0070023_7,20230527_103746_ESWW0070023_7,C:\Users\datir\project1\data\processed\ts\ESWW0070023_7\overlay\20230527_103746_ESWW0070023_7.png
ESWW0070023_7,20230527_170146_ESWW0070023_7,C:\Users\datir\project1\data\processed\ts\ESWW0070023_7\overlay\20230527_170146_ESWW0070023_7.png
ESWW0070023_7,20230529_123227_ESWW0070023_7,C:\Users\datir\project1\data\processed\ts\ESWW0070023_7\overlay\20230529_123227_ESWW0070023_7.png
ESWW0070023_7,20230530_123204_ESWW0070023_7,C:\Users\datir\project1\data\processed\ts\ESWW0070023_7\overlay\20230530_123204_ESWW0070023_7.png
ESWW0070023_7,20230531_095057_ESWW0070023_7,C:\Users\datir\project1\data\processed\ts\ESWW0070023_7\overlay\20230531_095057_ESWW0070023_7.png
ESWW0070023_7,20230531_165301_ESWW0070023_7,C:\Users\datir\project1\data\processed\ts\ESWW0070023_7\overlay\20230531_165301_ESWW0070023_7.png
ESWW0070023_7,20230601_160405_ESWW0070023_7,C:\Users\datir\project1\data\processed\ts\ESWW0070023_7\overlay\20230601_160405_ESWW0070023_7.png
ESWW0070023_7,20230602_105612_ESWW0070023_7,C:\Users\datir\project1\data\processed\ts\ESWW0070023_7\overlay\20230602_105612_ESWW0070023_7.png
ESWW0070023_7,20230604_133203_ESWW0070023_7,C:\Users\datir\project1\data\processed\ts\ESWW0070023_7\overlay\20230604_133203_ESWW0070023_7.png
ESWW0070023_7,20230606_095341_ESWW0070023_7,C:\Users\datir\project1\data\processed\ts\ESWW0070023_7\overlay\20230606_095341_ESWW0070023_7.png
ESWW0070023_7,20230606_123048_ESWW0070023_7,C:\Users\datir\project1\data\processed\ts\ESWW0070023_7\overlay\20230606_123048_ESWW0070023_7.png
ESWW0070023_7,20230607_162610_ESWW0070023_7,C:\Users\datir\project1\data\processed\ts\ESWW0070023_7\overlay\20230607_162610_ESWW0070023_7.png
ESWW0070023_7,20230608_111902_ESWW0070023_7,C:\Users\datir\project1\data\processed\ts\ESWW0070023_7\overlay\20230608_111902_ESWW0070023_7.png
ESWW0070023_8,20230525_174027_ESWW0070023_8,C:\Users\datir\project1\data\processed\ts\ESWW0070023_8\overlay\20230525_174027_ESWW0070023_8.png
ESWW0070023_8,20230526_125859_ESWW0070023_8,C:\Users\datir\project1\data\processed\ts\ESWW0070023_8\overlay\20230526_125859_ESWW0070023_8.png
ESWW0070023_8,20230527_103822_ESWW0070023_8,C:\Users\datir\project1\data\processed\ts\ESWW0070023_8\overlay\20230527_103822_ESWW0070023_8.png
ESWW0070023_8,20230527_170214_ESWW0070023_8,C:\Users\datir\project1\data\processed\ts\ESWW0070023_8\overlay\20230527_170214_ESWW0070023_8.png
ESWW0070023_8,20230529_123301_ESWW0070023_8,C:\Users\datir\project1\data\processed\ts\ESWW0070023_8\overlay\20230529_123301_ESWW0070023_8.png
ESWW0070023_8,20230530_123232_ESWW0070023_8,C:\Users\datir\project1\data\processed\ts\ESWW0070023_8\overlay\20230530_123232_ESWW0070023_8.png
ESWW0070023_8,20230531_095200_ESWW0070023_8,C:\Users\datir\project1\data\processed\ts\ESWW0070023_8\overlay\20230531_095200_ESWW0070023_8.png
ESWW0070023_8,20230531_165343_ESWW0070023_8,C:\Users\datir\project1\data\processed\ts\ESWW0070023_8\overlay\20230531_165343_ESWW0070023_8.png
ESWW0070023_8,20230601_160433_ESWW0070023_8,C:\Users\datir\project1\data\processed\ts\ESWW0070023_8\overlay\20230601_160433_ESWW0070023_8.png
ESWW0070023_8,20230602_105651_ESWW0070023_8,C:\Users\datir\project1\data\processed\ts\ESWW0070023_8\overlay\20230602_105651_ESWW0070023_8.png
ESWW0070023_8,20230603_105952_ESWW0070023_8,C:\Users\datir\project1\data\processed\ts\ESWW0070023_8\overlay\20230603_105952_ESWW0070023_8.png
ESWW0070023_8,20230604_133222_ESWW0070023_8,C:\Users\datir\project1\data\processed\ts\ESWW0070023_8\overlay\20230604_133222_ESWW0070023_8.png
ESWW0070023_8,20230606_095538_ESWW0070023_8,C:\Users\datir\project1\data\processed\ts\ESWW0070023_8\overlay\20230606_095538_ESWW0070023_8.png
ESWW0070023_8,20230606_123305_ESWW0070023_8,C:\Users\datir\project1\data\processed\ts\ESWW0070023_8\overlay\20230606_123305_ESWW0070023_8.png
ESWW0070023_8,20230607_162702_ESWW0070023_8,C:\Users\datir\project1\data\processed\ts\ESWW0070023_8\overlay\20230607_162702_ESWW0070023_8.png
ESWW0070023_8,20230608_111938_ESWW0070023_8,C:\Users\datir\project1\data\processed\ts\ESWW0070023_8\overlay\20230608_111938_ESWW0070023_8.png
ESWW0070023_9,20230525_174218_ESWW0070023_9,C:\Users\datir\project1\data\processed\ts\ESWW0070023_9\overlay\20230525_174218_ESWW0070023_9.png
ESWW0070023_9,20230526_125938_ESWW0070023_9,C:\Users\datir\project1\data\processed\ts\ESWW0070023_9\overlay\20230526_125938_ESWW0070023_9.png
ESWW0070023_9,20230527_103856_ESWW0070023_9,C:\Users\datir\project1\data\processed\ts\ESWW0070023_9\overlay\20230527_103856_ESWW0070023_9.png
ESWW0070023_9,20230527_170241_ESWW0070023_9,C:\Users\datir\project1\data\processed\ts\ESWW0070023_9\overlay\20230527_170241_ESWW0070023_9.png
ESWW0070023_9,20230529_123332_ESWW0070023_9,C:\Users\datir\project1\data\processed\ts\ESWW0070023_9\overlay\20230529_123332_ESWW0070023_9.png
ESWW0070023_9,20230530_123254_ESWW0070023_9,C:\Users\datir\project1\data\processed\ts\ESWW0070023_9\overlay\20230530_123254_ESWW0070023_9.png
ESWW0070023_9,20230531_095222_ESWW0070023_9,C:\Users\datir\project1\data\processed\ts\ESWW0070023_9\overlay\20230531_095222_ESWW0070023_9.png
ESWW0070023_9,20230531_165411_ESWW0070023_9,C:\Users\datir\project1\data\processed\ts\ESWW0070023_9\overlay\20230531_165411_ESWW0070023_9.png
ESWW0070023_9,20230601_160500_ESWW0070023_9,C:\Users\datir\project1\data\processed\ts\ESWW0070023_9\overlay\20230601_160500_ESWW0070023_9.png
ESWW0070023_9,20230602_105714_ESWW0070023_9,C:\Users\datir\project1\data\processed\ts\ESWW0070023_9\overlay\20230602_105714_ESWW0070023_9.png
ESWW0070023_9,20230603_110013_ESWW0070023_9,C:\Users\datir\project1\data\processed\ts\ESWW0070023_9\overlay\20230603_110013_ESWW0070023_9.png
ESWW0070023_9,20230604_133244_ESWW0070023_9,C:\Users\datir\project1\data\processed\ts\ESWW0070023_9\overlay\20230604_133244_ESWW0070023_9.png
ESWW0070023_9,20230606_095652_ESWW0070023_9,C:\Users\datir\project1\data\processed\ts\ESWW0070023_9\overlay\20230606_095652_ESWW0070023_9.png
ESWW0070023_9,20230606_123506_ESWW0070023_9,C:\Users\datir\project1\data\processed\ts\ESWW0070023_9\overlay\20230606_123506_ESWW0070023_9.png
ESWW0070023_9,20230607_162750_ESWW0070023_9,C:\Users\datir\project1\data\processed\ts\ESWW0070023_9\overlay\20230607_162750_ESWW0070023_9.png
ESWW0070023_9,20230608_112009_ESWW0070023_9,C:\Users\datir\project1\data\processed\ts\ESWW0070023_9\overlay\20230608_112009_ESWW0070023_9.png
ESWW0070025_1,20230525_174554_ESWW0070025_1,C:\Users\datir\project1\data\processed\ts\ESWW0070025_1\overlay\20230525_174554_ESWW0070025_1.png
ESWW0070025_1,20230527_104129_ESWW0070025_1,C:\Users\datir\project1\data\processed\ts\ESWW0070025_1\overlay\20230527_104129_ESWW0070025_1.png
ESWW0070025_1,20230527_170344_ESWW0070025_1,C:\Users\datir\project1\data\processed\ts\ESWW0070025_1\overlay\20230527_170344_ESWW0070025_1.png
ESWW0070025_1,20230529_123440_ESWW0070025_1,C:\Users\datir\project1\data\processed\ts\ESWW0070025_1\overlay\20230529_123440_ESWW0070025_1.png
ESWW0070025_1,20230530_123402_ESWW0070025_1,C:\Users\datir\project1\data\processed\ts\ESWW0070025_1\overlay\20230530_123402_ESWW0070025_1.png
ESWW0070025_1,20230531_095323_ESWW0070025_1,C:\Users\datir\project1\data\processed\ts\ESWW0070025_1\overlay\20230531_095323_ESWW0070025_1.png
ESWW0070025_1,20230531_165457_ESWW0070025_1,C:\Users\datir\project1\data\processed\ts\ESWW0070025_1\overlay\20230531_165457_ESWW0070025_1.png
ESWW0070025_1,20230601_160552_ESWW0070025_1,C:\Users\datir\project1\data\processed\ts\ESWW0070025_1\overlay\20230601_160552_ESWW0070025_1.png
ESWW0070025_1,20230602_105753_ESWW0070025_1,C:\Users\datir\project1\data\processed\ts\ESWW0070025_1\overlay\20230602_105753_ESWW0070025_1.png
ESWW0070025_1,20230603_110041_ESWW0070025_1,C:\Users\datir\project1\data\processed\ts\ESWW0070025_1\overlay\20230603_110041_ESWW0070025_1.png
ESWW0070025_1,20230604_133316_ESWW0070025_1,C:\Users\datir\project1\data\processed\ts\ESWW0070025_1\overlay\20230604_133316_ESWW0070025_1.png
ESWW0070025_1,20230606_100238_ESWW0070025_1,C:\Users\datir\project1\data\processed\ts\ESWW0070025_1\overlay\20230606_100238_ESWW0070025_1.png
ESWW0070025_1,20230606_120259_ESWW0070025_1,C:\Users\datir\project1\data\processed\ts\ESWW0070025_1\overlay\20230606_120259_ESWW0070025_1.png
ESWW0070025_1,20230607_161202_ESWW0070025_1,C:\Users\datir\project1\data\processed\ts\ESWW0070025_1\overlay\20230607_161202_ESWW0070025_1.png
ESWW0070025_1,20230608_110858_ESWW0070025_1,C:\Users\datir\project1\data\processed\ts\ESWW0070025_1\overlay\20230608_110858_ESWW0070025_1.png
ESWW0070025_10,20230525_175357_ESWW0070025_10,C:\Users\datir\project1\data\processed\ts\ESWW0070025_10\overlay\20230525_175357_ESWW0070025_10.png
ESWW0070025_10,20230526_130657_ESWW0070025_10,C:\Users\datir\project1\data\processed\ts\ESWW0070025_10\overlay\20230526_130657_ESWW0070025_10.png
ESWW0070025_10,20230527_104735_ESWW0070025_10,C:\Users\datir\project1\data\processed\ts\ESWW0070025_10\overlay\20230527_104735_ESWW0070025_10.png
ESWW0070025_10,20230527_170823_ESWW0070025_10,C:\Users\datir\project1\data\processed\ts\ESWW0070025_10\overlay\20230527_170823_ESWW0070025_10.png
ESWW0070025_10,20230529_123850_ESWW0070025_10,C:\Users\datir\project1\data\processed\ts\ESWW0070025_10\overlay\20230529_123850_ESWW0070025_10.png
ESWW0070025_10,20230530_123750_ESWW0070025_10,C:\Users\datir\project1\data\processed\ts\ESWW0070025_10\overlay\20230530_123750_ESWW0070025_10.png
ESWW0070025_10,20230531_095825_ESWW0070025_10,C:\Users\datir\project1\data\processed\ts\ESWW0070025_10\overlay\20230531_095825_ESWW0070025_10.png
ESWW0070025_10,20230531_165906_ESWW0070025_10,C:\Users\datir\project1\data\processed\ts\ESWW0070025_10\overlay\20230531_165906_ESWW0070025_10.png
ESWW0070025_10,20230601_160925_ESWW0070025_10,C:\Users\datir\project1\data\processed\ts\ESWW0070025_10\overlay\20230601_160925_ESWW0070025_10.png
ESWW0070025_10,20230602_110159_ESWW0070025_10,C:\Users\datir\project1\data\processed\ts\ESWW0070025_10\overlay\20230602_110159_ESWW0070025_10.png
ESWW0070025_10,20230603_110250_ESWW0070025_10,C:\Users\datir\project1\data\processed\ts\ESWW0070025_10\overlay\20230603_110250_ESWW0070025_10.png
ESWW0070025_10,20230604_133614_ESWW0070025_10,C:\Users\datir\project1\data\processed\ts\ESWW0070025_10\overlay\20230604_133614_ESWW0070025_10.png
ESWW0070025_10,20230606_101925_ESWW0070025_10,C:\Users\datir\project1\data\processed\ts\ESWW0070025_10\overlay\20230606_101925_ESWW0070025_10.png
ESWW0070025_10,20230606_121913_ESWW0070025_10,C:\Users\datir\project1\data\processed\ts\ESWW0070025_10\overlay\20230606_121913_ESWW0070025_10.png
ESWW0070025_10,20230607_161808_ESWW0070025_10,C:\Users\datir\project1\data\processed\ts\ESWW0070025_10\overlay\20230607_161808_ESWW0070025_10.png
ESWW0070025_10,20230608_111333_ESWW0070025_10,C:\Users\datir\project1\data\processed\ts\ESWW0070025_10\overlay\20230608_111333_ESWW0070025_10.png
ESWW0070025_2,20230525_174643_ESWW0070025_2,C:\Users\datir\project1\data\processed\ts\ESWW0070025_2\overlay\20230525_174643_ESWW0070025_2.png
ESWW0070025_2,20230526_130101_ESWW0070025_2,C:\Users\datir\project1\data\processed\ts\ESWW0070025_2\overlay\20230526_130101_ESWW0070025_2.png
ESWW0070025_2,20230526_130143_ESWW0070025_2,C:\Users\datir\project1\data\processed\ts\ESWW0070025_2\overlay\20230526_130143_ESWW0070025_2.png
ESWW0070025_2,20230527_104204_ESWW0070025_2,C:\Users\datir\project1\data\processed\ts\ESWW0070025_2\overlay\20230527_104204_ESWW0070025_2.png
ESWW0070025_2,20230527_170418_ESWW0070025_2,C:\Users\datir\project1\data\processed\ts\ESWW0070025_2\overlay\20230527_170418_ESWW0070025_2.png
ESWW0070025_2,20230529_123505_ESWW0070025_2,C:\Users\datir\project1\data\processed\ts\ESWW0070025_2\overlay\20230529_123505_ESWW0070025_2.png
ESWW0070025_2,20230530_123424_ESWW0070025_2,C:\Users\datir\project1\data\processed\ts\ESWW0070025_2\overlay\20230530_123424_ESWW0070025_2.png
ESWW0070025_2,20230531_095349_ESWW0070025_2,C:\Users\datir\project1\data\processed\ts\ESWW0070025_2\overlay\20230531_095349_ESWW0070025_2.png
ESWW0070025_2,20230531_165532_ESWW0070025_2,C:\Users\datir\project1\data\processed\ts\ESWW0070025_2\overlay\20230531_165532_ESWW0070025_2.png
ESWW0070025_2,20230601_160608_ESWW0070025_2,C:\Users\datir\project1\data\processed\ts\ESWW0070025_2\overlay\20230601_160608_ESWW0070025_2.png
ESWW0070025_2,20230602_105814_ESWW0070025_2,C:\Users\datir\project1\data\processed\ts\ESWW0070025_2\overlay\20230602_105814_ESWW0070025_2.png
ESWW0070025_2,20230603_110058_ESWW0070025_2,C:\Users\datir\project1\data\processed\ts\ESWW0070025_2\overlay\20230603_110058_ESWW0070025_2.png
ESWW0070025_2,20230604_133332_ESWW0070025_2,C:\Users\datir\project1\data\processed\ts\ESWW0070025_2\overlay\20230604_133332_ESWW0070025_2.png
ESWW0070025_2,20230606_100343_ESWW0070025_2,C:\Users\datir\project1\data\processed\ts\ESWW0070025_2\overlay\20230606_100343_ESWW0070025_2.png
ESWW0070025_2,20230606_120410_ESWW0070025_2,C:\Users\datir\project1\data\processed\ts\ESWW0070025_2\overlay\20230606_120410_ESWW0070025_2.png
ESWW0070025_2,20230607_161238_ESWW0070025_2,C:\Users\datir\project1\data\processed\ts\ESWW0070025_2\overlay\20230607_161238_ESWW0070025_2.png
ESWW0070025_2,20230608_110925_ESWW0070025_2,C:\Users\datir\project1\data\processed\ts\ESWW0070025_2\overlay\20230608_110925_ESWW0070025_2.png
ESWW0070025_3,20230525_174736_ESWW0070025_3,C:\Users\datir\project1\data\processed\ts\ESWW0070025_3\overlay\20230525_174736_ESWW0070025_3.png
ESWW0070025_3,20230527_104242_ESWW0070025_3,C:\Users\datir\project1\data\processed\ts\ESWW0070025_3\overlay\20230527_104242_ESWW0070025_3.png
ESWW0070025_3,20230527_170447_ESWW0070025_3,C:\Users\datir\project1\data\processed\ts\ESWW0070025_3\overlay\20230527_170447_ESWW0070025_3.png
ESWW0070025_3,20230529_123528_ESWW0070025_3,C:\Users\datir\project1\data\processed\ts\ESWW0070025_3\overlay\20230529_123528_ESWW0070025_3.png
ESWW0070025_3,20230530_123446_ESWW0070025_3,C:\Users\datir\project1\data\processed\ts\ESWW0070025_3\overlay\20230530_123446_ESWW0070025_3.png
ESWW0070025_3,20230531_095415_ESWW0070025_3,C:\Users\datir\project1\data\processed\ts\ESWW0070025_3\overlay\20230531_095415_ESWW0070025_3.png
ESWW0070025_3,20230531_165606_ESWW0070025_3,C:\Users\datir\project1\data\processed\ts\ESWW0070025_3\overlay\20230531_165606_ESWW0070025_3.png
ESWW0070025_3,20230601_160634_ESWW0070025_3,C:\Users\datir\project1\data\processed\ts\ESWW0070025_3\overlay\20230601_160634_ESWW0070025_3.png
ESWW0070025_3,20230604_133350_ESWW0070025_3,C:\Users\datir\project1\data\processed\ts\ESWW0070025_3\overlay\20230604_133350_ESWW0070025_3.png
ESWW0070025_3,20230606_100445_ESWW0070025_3,C:\Users\datir\project1\data\processed\ts\ESWW0070025_3\overlay\20230606_100445_ESWW0070025_3.png
ESWW0070025_3,20230606_120639_ESWW0070025_3,C:\Users\datir\project1\data\processed\ts\ESWW0070025_3\overlay\20230606_120639_ESWW0070025_3.png
ESWW0070025_3,20230607_161308_ESWW0070025_3,C:\Users\datir\project1\data\processed\ts\ESWW0070025_3\overlay\20230607_161308_ESWW0070025_3.png
ESWW0070025_3,20230608_110954_ESWW0070025_3,C:\Users\datir\project1\data\processed\ts\ESWW0070025_3\overlay\20230608_110954_ESWW0070025_3.png
ESWW0070025_5,20230525_174934_ESWW0070025_5,C:\Users\datir\project1\data\processed\ts\ESWW0070025_5\overlay\20230525_174934_ESWW0070025_5.png
ESWW0070025_5,20230526_130313_ESWW0070025_5,C:\Users\datir\project1\data\processed\ts\ESWW0070025_5\overlay\20230526_130313_ESWW0070025_5.png
ESWW0070025_5,20230527_104336_ESWW0070025_5,C:\Users\datir\project1\data\processed\ts\ESWW0070025_5\overlay\20230527_104336_ESWW0070025_5.png
ESWW0070025_5,20230527_170529_ESWW0070025_5,C:\Users\datir\project1\data\processed\ts\ESWW0070025_5\overlay\20230527_170529_ESWW0070025_5.png
ESWW0070025_5,20230529_123610_ESWW0070025_5,C:\Users\datir\project1\data\processed\ts\ESWW0070025_5\overlay\20230529_123610_ESWW0070025_5.png
ESWW0070025_5,20230530_123554_ESWW0070025_5,C:\Users\datir\project1\data\processed\ts\ESWW0070025_5\overlay\20230530_123554_ESWW0070025_5.png
ESWW0070025_5,20230531_095538_ESWW0070025_5,C:\Users\datir\project1\data\processed\ts\ESWW0070025_5\overlay\20230531_095538_ESWW0070025_5.png
ESWW0070025_5,20230531_165639_ESWW0070025_5,C:\Users\datir\project1\data\processed\ts\ESWW0070025_5\overlay\20230531_165639_ESWW0070025_5.png
ESWW0070025_5,20230601_160711_ESWW0070025_5,C:\Users\datir\project1\data\processed\ts\ESWW0070025_5\overlay\20230601_160711_ESWW0070025_5.png
ESWW0070025_5,20230602_105930_ESWW0070025_5,C:\Users\datir\project1\data\processed\ts\ESWW0070025_5\overlay\20230602_105930_ESWW0070025_5.png
ESWW0070025_5,20230603_110114_ESWW0070025_5,C:\Users\datir\project1\data\processed\ts\ESWW0070025_5\overlay\20230603_110114_ESWW0070025_5.png
ESWW0070025_5,20230604_133431_ESWW0070025_5,C:\Users\datir\project1\data\processed\ts\ESWW0070025_5\overlay\20230604_133431_ESWW0070025_5.png
ESWW0070025_5,20230606_101331_ESWW0070025_5,C:\Users\datir\project1\data\processed\ts\ESWW0070025_5\overlay\20230606_101331_ESWW0070025_5.png
ESWW0070025_5,20230606_120932_ESWW0070025_5,C:\Users\datir\project1\data\processed\ts\ESWW0070025_5\overlay\20230606_120932_ESWW0070025_5.png
ESWW0070025_5,20230607_161504_ESWW0070025_5,C:\Users\datir\project1\data\processed\ts\ESWW0070025_5\overlay\20230607_161504_ESWW0070025_5.png
ESWW0070025_5,20230608_111102_ESWW0070025_5,C:\Users\datir\project1\data\processed\ts\ESWW0070025_5\overlay\20230608_111102_ESWW0070025_5.png
ESWW0070025_6,20230526_130354_ESWW0070025_6,C:\Users\datir\project1\data\processed\ts\ESWW0070025_6\overlay\20230526_130354_ESWW0070025_6.png
ESWW0070025_6,20230527_104451_ESWW0070025_6,C:\Users\datir\project1\data\processed\ts\ESWW0070025_6\overlay\20230527_104451_ESWW0070025_6.png
ESWW0070025_6,20230527_170611_ESWW0070025_6,C:\Users\datir\project1\data\processed\ts\ESWW0070025_6\overlay\20230527_170611_ESWW0070025_6.png
ESWW0070025_6,20230529_123642_ESWW0070025_6,C:\Users\datir\project1\data\processed\ts\ESWW0070025_6\overlay\20230529_123642_ESWW0070025_6.png
ESWW0070025_6,20230530_123621_ESWW0070025_6,C:\Users\datir\project1\data\processed\ts\ESWW0070025_6\overlay\20230530_123621_ESWW0070025_6.png
ESWW0070025_6,20230531_095635_ESWW0070025_6,C:\Users\datir\project1\data\processed\ts\ESWW0070025_6\overlay\20230531_095635_ESWW0070025_6.png
ESWW0070025_6,20230531_165714_ESWW0070025_6,C:\Users\datir\project1\data\processed\ts\ESWW0070025_6\overlay\20230531_165714_ESWW0070025_6.png
ESWW0070025_6,20230602_110009_ESWW0070025_6,C:\Users\datir\project1\data\processed\ts\ESWW0070025_6\overlay\20230602_110009_ESWW0070025_6.png
ESWW0070025_6,20230603_110130_ESWW0070025_6,C:\Users\datir\project1\data\processed\ts\ESWW0070025_6\overlay\20230603_110130_ESWW0070025_6.png
ESWW0070025_6,20230604_133453_ESWW0070025_6,C:\Users\datir\project1\data\processed\ts\ESWW0070025_6\overlay\20230604_133453_ESWW0070025_6.png
ESWW0070025_6,20230606_101457_ESWW0070025_6,C:\Users\datir\project1\data\processed\ts\ESWW0070025_6\overlay\20230606_101457_ESWW0070025_6.png
ESWW0070025_6,20230606_121231_ESWW0070025_6,C:\Users\datir\project1\data\processed\ts\ESWW0070025_6\overlay\20230606_121231_ESWW0070025_6.png
ESWW0070025_6,20230607_161548_ESWW0070025_6,C:\Users\datir\project1\data\processed\ts\ESWW0070025_6\overlay\20230607_161548_ESWW0070025_6.png
ESWW0070025_6,20230608_111128_ESWW0070025_6,C:\Users\datir\project1\data\processed\ts\ESWW0070025_6\overlay\20230608_111128_ESWW0070025_6.png
ESWW0070025_7,20230525_175212_ESWW0070025_7,C:\Users\datir\project1\data\processed\ts\ESWW0070025_7\overlay\20230525_175212_ESWW0070025_7.png
ESWW0070025_7,20230526_130441_ESWW0070025_7,C:\Users\datir\project1\data\processed\ts\ESWW0070025_7\overlay\20230526_130441_ESWW0070025_7.png
ESWW0070025_7,20230527_104528_ESWW0070025_7,C:\Users\datir\project1\data\processed\ts\ESWW0070025_7\overlay\20230527_104528_ESWW0070025_7.png
ESWW0070025_7,20230527_170700_ESWW0070025_7,C:\Users\datir\project1\data\processed\ts\ESWW0070025_7\overlay\20230527_170700_ESWW0070025_7.png
ESWW0070025_7,20230529_123720_ESWW0070025_7,C:\Users\datir\project1\data\processed\ts\ESWW0070025_7\overlay\20230529_123720_ESWW0070025_7.png
ESWW0070025_7,20230530_123644_ESWW0070025_7,C:\Users\datir\project1\data\processed\ts\ESWW0070025_7\overlay\20230530_123644_ESWW0070025_7.png
ESWW0070025_7,20230531_095705_ESWW0070025_7,C:\Users\datir\project1\data\processed\ts\ESWW0070025_7\overlay\20230531_095705_ESWW0070025_7.png
ESWW0070025_7,20230531_165743_ESWW0070025_7,C:\Users\datir\project1\data\processed\ts\ESWW0070025_7\overlay\20230531_165743_ESWW0070025_7.png
ESWW0070025_7,20230601_160815_ESWW0070025_7,C:\Users\datir\project1\data\processed\ts\ESWW0070025_7\overlay\20230601_160815_ESWW0070025_7.png
ESWW0070025_7,20230602_110032_ESWW0070025_7,C:\Users\datir\project1\data\processed\ts\ESWW0070025_7\overlay\20230602_110032_ESWW0070025_7.png
ESWW0070025_7,20230603_110147_ESWW0070025_7,C:\Users\datir\project1\data\processed\ts\ESWW0070025_7\overlay\20230603_110147_ESWW0070025_7.png
ESWW0070025_7,20230604_133517_ESWW0070025_7,C:\Users\datir\project1\data\processed\ts\ESWW0070025_7\overlay\20230604_133517_ESWW0070025_7.png
ESWW0070025_7,20230606_101554_ESWW0070025_7,C:\Users\datir\project1\data\processed\ts\ESWW0070025_7\overlay\20230606_101554_ESWW0070025_7.png
ESWW0070025_7,20230606_121347_ESWW0070025_7,C:\Users\datir\project1\data\processed\ts\ESWW0070025_7\overlay\20230606_121347_ESWW0070025_7.png
ESWW0070025_7,20230607_161629_ESWW0070025_7,C:\Users\datir\project1\data\processed\ts\ESWW0070025_7\overlay\20230607_161629_ESWW0070025_7.png
ESWW0070025_7,20230608_111159_ESWW0070025_7,C:\Users\datir\project1\data\processed\ts\ESWW0070025_7\overlay\20230608_111159_ESWW0070025_7.png
ESWW0070025_8,20230525_175247_ESWW0070025_8,C:\Users\datir\project1\data\processed\ts\ESWW0070025_8\overlay\20230525_175247_ESWW0070025_8.png
ESWW0070025_8,20230526_130521_ESWW0070025_8,C:\Users\datir\project1\data\processed\ts\ESWW0070025_8\overlay\20230526_130521_ESWW0070025_8.png
ESWW0070025_8,20230527_104600_ESWW0070025_8,C:\Users\datir\project1\data\processed\ts\ESWW0070025_8\overlay\20230527_104600_ESWW0070025_8.png
ESWW0070025_8,20230527_170733_ESWW0070025_8,C:\Users\datir\project1\data\processed\ts\ESWW0070025_8\overlay\20230527_170733_ESWW0070025_8.png
ESWW0070025_8,20230529_123749_ESWW0070025_8,C:\Users\datir\project1\data\processed\ts\ESWW0070025_8\overlay\20230529_123749_ESWW0070025_8.png
ESWW0070025_8,20230530_123711_ESWW0070025_8,C:\Users\datir\project1\data\processed\ts\ESWW0070025_8\overlay\20230530_123711_ESWW0070025_8.png
ESWW0070025_8,20230531_095737_ESWW0070025_8,C:\Users\datir\project1\data\processed\ts\ESWW0070025_8\overlay\20230531_095737_ESWW0070025_8.png
ESWW0070025_8,20230531_165816_ESWW0070025_8,C:\Users\datir\project1\data\processed\ts\ESWW0070025_8\overlay\20230531_165816_ESWW0070025_8.png
ESWW0070025_8,20230601_160843_ESWW0070025_8,C:\Users\datir\project1\data\processed\ts\ESWW0070025_8\overlay\20230601_160843_ESWW0070025_8.png
ESWW0070025_8,20230602_110102_ESWW0070025_8,C:\Users\datir\project1\data\processed\ts\ESWW0070025_8\overlay\20230602_110102_ESWW0070025_8.png
ESWW0070025_8,20230603_110208_ESWW0070025_8,C:\Users\datir\project1\data\processed\ts\ESWW0070025_8\overlay\20230603_110208_ESWW0070025_8.png
ESWW0070025_8,20230604_133534_ESWW0070025_8,C:\Users\datir\project1\data\processed\ts\ESWW0070025_8\overlay\20230604_133534_ESWW0070025_8.png
ESWW0070025_8,20230606_101724_ESWW0070025_8,C:\Users\datir\project1\data\processed\ts\ESWW0070025_8\overlay\20230606_101724_ESWW0070025_8.png
ESWW0070025_8,20230606_121639_ESWW0070025_8,C:\Users\datir\project1\data\processed\ts\ESWW0070025_8\overlay\20230606_121639_ESWW0070025_8.png
ESWW0070025_8,20230607_161702_ESWW0070025_8,C:\Users\datir\project1\data\processed\ts\ESWW0070025_8\overlay\20230607_161702_ESWW0070025_8.png
ESWW0070025_8,20230608_111226_ESWW0070025_8,C:\Users\datir\project1\data\processed\ts\ESWW0070025_8\overlay\20230608_111226_ESWW0070025_8.png
ESWW0070025_9,20230525_175322_ESWW0070025_9,C:\Users\datir\project1\data\processed\ts\ESWW0070025_9\overlay\20230525_175322_ESWW0070025_9.png
ESWW0070025_9,20230526_130600_ESWW0070025_9,C:\Users\datir\project1\data\processed\ts\ESWW0070025_9\overlay\20230526_130600_ESWW0070025_9.png
ESWW0070025_9,20230527_104701_ESWW0070025_9,C:\Users\datir\project1\data\processed\ts\ESWW0070025_9\overlay\20230527_104701_ESWW0070025_9.png
ESWW0070025_9,20230527_170800_ESWW0070025_9,C:\Users\datir\project1\data\processed\ts\ESWW0070025_9\overlay\20230527_170800_ESWW0070025_9.png
ESWW0070025_9,20230529_123816_ESWW0070025_9,C:\Users\datir\project1\data\processed\ts\ESWW0070025_9\overlay\20230529_123816_ESWW0070025_9.png
ESWW0070025_9,20230530_123730_ESWW0070025_9,C:\Users\datir\project1\data\processed\ts\ESWW0070025_9\overlay\20230530_123730_ESWW0070025_9.png
ESWW0070025_9,20230531_095804_ESWW0070025_9,C:\Users\datir\project1\data\processed\ts\ESWW0070025_9\overlay\20230531_095804_ESWW0070025_9.png
ESWW0070025_9,20230531_165840_ESWW0070025_9,C:\Users\datir\project1\data\processed\ts\ESWW0070025_9\overlay\20230531_165840_ESWW0070025_9.png
ESWW0070025_9,20230601_160903_ESWW0070025_9,C:\Users\datir\project1\data\processed\ts\ESWW0070025_9\overlay\20230601_160903_ESWW0070025_9.png
ESWW0070025_9,20230602_110119_ESWW0070025_9,C:\Users\datir\project1\data\processed\ts\ESWW0070025_9\overlay\20230602_110119_ESWW0070025_9.png
ESWW0070025_9,20230603_110225_ESWW0070025_9,C:\Users\datir\project1\data\processed\ts\ESWW0070025_9\overlay\20230603_110225_ESWW0070025_9.png
ESWW0070025_9,20230604_133551_ESWW0070025_9,C:\Users\datir\project1\data\processed\ts\ESWW0070025_9\overlay\20230604_133551_ESWW0070025_9.png
ESWW0070025_9,20230606_101836_ESWW0070025_9,C:\Users\datir\project1\data\processed\ts\ESWW0070025_9\overlay\20230606_101836_ESWW0070025_9.png
ESWW0070025_9,20230606_121741_ESWW0070025_9,C:\Users\datir\project1\data\processed\ts\ESWW0070025_9\overlay\20230606_121741_ESWW0070025_9.png
ESWW0070025_9,20230607_161729_ESWW0070025_9,C:\Users\datir\project1\data\processed\ts\ESWW0070025_9\overlay\20230607_161729_ESWW0070025_9.png
ESWW0070025_9,20230608_111301_ESWW0070025_9,C:\Users\datir\project1\data\processed\ts\ESWW0070025_9\overlay\20230608_111301_ESWW0070025_9.png
ESWW0070040_1,20230608_172514_ESWW0070040_1,C:\Users\datir\project1\data\processed\ts\ESWW0070040_1\overlay\20230608_172514_ESWW0070040_1.png
ESWW0070040_1,20230609_094107_ESWW0070040_1,C:\Users\datir\project1\data\processed\ts\ESWW0070040_1\overlay\20230609_094107_ESWW0070040_1.png
ESWW0070040_1,20230610_082638_ESWW0070040_1,C:\Users\datir\project1\data\processed\ts\ESWW0070040_1\overlay\20230610_082638_ESWW0070040_1.png
ESWW0070040_1,20230612_084907_ESWW0070040_1,C:\Users\datir\project1\data\processed\ts\ESWW0070040_1\overlay\20230612_084907_ESWW0070040_1.png
ESWW0070040_1,20230613_084746_ESWW0070040_1,C:\Users\datir\project1\data\processed\ts\ESWW0070040_1\overlay\20230613_084746_ESWW0070040_1.png
ESWW0070040_1,20230614_080110_ESWW0070040_1,C:\Users\datir\project1\data\processed\ts\ESWW0070040_1\overlay\20230614_080110_ESWW0070040_1.png
ESWW0070040_1,20230615_071620_ESWW0070040_1,C:\Users\datir\project1\data\processed\ts\ESWW0070040_1\overlay\20230615_071620_ESWW0070040_1.png
ESWW0070040_1,20230616_072150_ESWW0070040_1,C:\Users\datir\project1\data\processed\ts\ESWW0070040_1\overlay\20230616_072150_ESWW0070040_1.png
ESWW0070040_1,20230618_093436_ESWW0070040_1,C:\Users\datir\project1\data\processed\ts\ESWW0070040_1\overlay\20230618_093436_ESWW0070040_1.png
ESWW0070040_1,20230619_084530_ESWW0070040_1,C:\Users\datir\project1\data\processed\ts\ESWW0070040_1\overlay\20230619_084530_ESWW0070040_1.png
ESWW0070040_1,20230620_083438_ESWW0070040_1,C:\Users\datir\project1\data\processed\ts\ESWW0070040_1\overlay\20230620_083438_ESWW0070040_1.png
ESWW0070040_1,20230621_115530_ESWW0070040_1,C:\Users\datir\project1\data\processed\ts\ESWW0070040_1\overlay\20230621_115530_ESWW0070040_1.png
ESWW0070040_1,20230622_084017_ESWW0070040_1,C:\Users\datir\project1\data\processed\ts\ESWW0070040_1\overlay\20230622_084017_ESWW0070040_1.png
ESWW0070040_1,20230623_095510_ESWW0070040_1,C:\Users\datir\project1\data\processed\ts\ESWW0070040_1\overlay\20230623_095510_ESWW0070040_1.png
ESWW0070040_1,20230626_094321_ESWW0070040_1,C:\Users\datir\project1\data\processed\ts\ESWW0070040_1\overlay\20230626_094321_ESWW0070040_1.png
ESWW0070040_1,20230627_122754_ESWW0070040_1,C:\Users\datir\project1\data\processed\ts\ESWW0070040_1\overlay\20230627_122754_ESWW0070040_1.png
ESWW0070040_1,20230628_094422_ESWW0070040_1,C:\Users\datir\project1\data\processed\ts\ESWW0070040_1\overlay\20230628_094422_ESWW0070040_1.png
